label,count,precision,recall,f1-score
工具,537,0.5977011494252874,0.7746741154562383,0.6747769667477697
其它,231,0.9414634146341463,0.8354978354978355,0.8853211009174311
库,926,0.8227114716106605,0.7667386609071274,0.7937395192845165
服务,119,0.8301886792452831,0.3697478991596639,0.5116279069767442
编程语言,511,0.9270216962524654,0.9197651663405088,0.9233791748526522

模型整体 accuracy: 0.7887263339070568
