label,count,precision,recall,f1-score
工具,537,0.5583596214511041,0.659217877094972,0.6046114432109307
其它,231,0.7853881278538812,0.7445887445887446,0.7644444444444445
库,926,0.8242245199409158,0.6025917926565875,0.6961946350592639
服务,119,0.2916666666666667,0.8235294117647058,0.4307692307692308
编程语言,511,0.8864628820960698,0.7945205479452054,0.8379772961816305

模型整体 accuracy: 0.6833046471600689
