label,count,precision,recall,f1-score
库,1305,0.8450413223140496,0.6268199233716475,0.7197536295644522
工具,620,0.5794573643410853,0.482258064516129,0.5264084507042253
服务,123,0.23125,0.9024390243902439,0.3681592039800995
其它,275,0.649025069637883,0.8472727272727273,0.7350157728706626

模型整体 accuracy: 0.6289281102023245
"样本数量 train: 400, val: 464, test: 2323"
