label,count,precision,recall,f1-score
库,1305,0.6385842472582254,0.9816091954022989,0.7737843551797041
工具,620,0.8014981273408239,0.34516129032258064,0.4825253664036076
服务,123,0,0.0,
其它,275,1.0,0.18181818181818182,0.3076923076923077

模型整体 accuracy: 0.6650882479552304
样本数量 train: 1395, val: 464, test: 2323

