label,count,precision,recall,f1-score
基础环境,13,0,0.0,
核心库,13,0,0.0,
核心工具,22,0,0.0,
系统服务,25,0,0.0,
系统库,165,0,0.0,
系统工具,134,0,0.0,
应用服务,85,0,0.0,
应用库,1127,0.49955634427684115,0.9991126885536823,0.6660751257024549
应用工具,461,0.6923076923076923,0.019522776572668113,0.0379746835443038
编程语言,24,0,0.0,
其它,198,0,0.0,

模型整体 accuracy: 0.5006616674018527


