label,count,precision,recall,f1-score
基础环境,13,0,0.0,
核心库,13,0,0.0,
核心工具,22,0,0.0,
系统服务,25,0,0.0,
系统库,165,0,0.0,
系统工具,134,0,0.0,
应用服务,85,0,0.0,
应用库,455,0.6367432150313153,0.6703296703296703,0.6531049250535331
应用工具,461,0.4215591915303176,0.9501084598698482,0.5840000000000001
编程语言,24,0,0.0,
其它,198,0.987012987012987,0.3838383838383838,0.5527272727272727

模型整体 accuracy: 0.5134796238244514
